[{"id":1,"name":"Mahmud Hussain","email":"mahmudhussaininfo@gmail.com","phone":"01776757650","location":"sylhet","photo":"avatar.png"},{"id":2,"name":"borsha","email":"faizaakter2004@gmail.com","phone":"01776757450","location":"sylhet","photo":"avatar.png"},{"id":3,"name":"Fahima","email":"fahimabegum@gmail.com","phone":"01776757650","location":"dhaka","photo":"avatar.png"},{"id":4,"name":"kuddus uddin","email":"mrmamu504@gmail.com","phone":"01776757450","location":"chittagong","photo":"/image/avatar.png"},{"id":5,"name":"rahima","email":"mahmudhussaininfo@gmail.com","phone":"01776757650","location":"dhaka","photo":"/images/avatar.png"},{"id":6,"name":"","email":"","phone":"","location":"select","photo":"/images/avatar.png"}]